Customer Segment,Year,Quarter,Month,Year,Quarter,Month,Sum of Orders,Sum of Total Spend,Products Sold,Total Revenue,AOV,Average Rating,Repeat Customers
Bronze,2016,Qtr 4,October,2016,Qtr 4,October,106,17512.379999999997,131,15024.71,141.7425,3.822429906542056,2
Bronze,2016,Qtr 4,October,2017,Qtr 2,April,2,134.16,2,111.89,55.945,5,1
Bronze,2016,Qtr 4,October,2017,Qtr 4,November,2,208.02,4,145.1,72.55,4.5,1
Bronze,2016,Qtr 4,October,2018,Qtr 1,March,2,187.77,2,157.9,78.95,5,1
Bronze,2016,Qtr 4,October,2018,Qtr 2,May,2,187.17,2,152.78,76.39,5,1
Bronze,2016,Qtr 4,October,2018,Qtr 2,June,5,344.66999999999996,5,279.28,55.856,4.8,2
Bronze,2017,Qtr 1,January,2017,Qtr 1,January,274,43867.409999999996,350,37560.65,137.0827,4.201465201465202,11
Bronze,2017,Qtr 1,January,2017,Qtr 1,February,5,384.18,5,291.23,58.246,4.2,2
Bronze,2017,Qtr 1,January,2017,Qtr 1,March,2,143.94,2,114.8,57.4,3,1
Bronze,2017,Qtr 1,January,2017,Qtr 2,April,2,133.72,2,104.5,52.25,2.5,1
Bronze,2017,Qtr 1,January,2017,Qtr 2,May,2,229.83,2,184.8,92.4,5,1
Bronze,2017,Qtr 1,January,2017,Qtr 2,June,2,170.47,2,149.89,74.945,5,1
Bronze,2017,Qtr 1,January,2017,Qtr 3,July,6,659.95,8,533.75,88.9583,4.166666666666667,3
Bronze,2017,Qtr 1,January,2017,Qtr 4,November,2,222.63,2,180.2,90.1,3,1
Bronze,2017,Qtr 1,January,2018,Qtr 1,January,5,344.26,5,270.69,54.138,5,2
Bronze,2017,Qtr 1,January,2018,Qtr 1,February,2,190.68,2,159.8,79.9,5,1
Bronze,2017,Qtr 1,January,2018,Qtr 1,March,3,265.84,4,173.8,57.9333,1.3333333333333333,1
Bronze,2017,Qtr 1,January,2018,Qtr 2,April,2,165.02,2,135.79,67.895,4.5,1
Bronze,2017,Qtr 1,January,2018,Qtr 2,May,4,358.21000000000004,5,273.8,68.45,3.5,2
Bronze,2017,Qtr 1,January,2018,Qtr 2,June,2,111.54,2,89.89,44.945,5,1
Bronze,2017,Qtr 1,January,2018,Qtr 3,August,2,158.51,4,112.7,56.35,4.5,1
Bronze,2017,Qtr 1,February,2017,Qtr 1,February,667,106817.1899999999,778,90987.78,136.4135,4.181409295352323,10
Bronze,2017,Qtr 1,February,2017,Qtr 1,March,2,249.06,2,220,110,4,1
Bronze,2017,Qtr 1,February,2017,Qtr 2,April,8,800.95,9,642.38,80.2975,4.25,4
Bronze,2017,Qtr 1,February,2017,Qtr 2,May,2,131.18,2,90.9,45.45,4,1
Bronze,2017,Qtr 1,February,2017,Qtr 2,June,6,673.28,7,527.83,87.9717,4,3
Bronze,2017,Qtr 1,February,2017,Qtr 3,August,4,456.2,4,367.35,91.8375,5,2
Bronze,2017,Qtr 1,February,2017,Qtr 3,September,5,397.12,5,325.69,65.138,4.2,2
Bronze,2017,Qtr 1,February,2017,Qtr 4,October,2,299.53,2,272.7,136.35,5,1
Bronze,2017,Qtr 1,February,2017,Qtr 4,November,4,439.68,4,360.75,90.1875,4.75,2
Bronze,2017,Qtr 1,February,2017,Qtr 4,December,2,110.63,2,77.9,38.95,4,1
Bronze,2017,Qtr 1,February,2018,Qtr 1,January,2,244.23,2,199.8,99.9,5,1
Bronze,2017,Qtr 1,February,2018,Qtr 1,February,4,453.03999999999996,4,386.14,96.535,4.25,2
Bronze,2017,Qtr 1,February,2018,Qtr 1,March,4,540.33,4,406.8,101.7,4,2
Bronze,2017,Qtr 1,February,2018,Qtr 2,April,4,378.65999999999997,4,308.6,77.15,4.5,2
Bronze,2017,Qtr 1,February,2018,Qtr 2,May,2,193.88,2,156.9,78.45,5,1
Bronze,2017,Qtr 1,February,2018,Qtr 3,July,4,459.31000000000006,4,395.7,98.925,4.5,2
Bronze,2017,Qtr 1,March,2017,Qtr 1,March,988,158730.16999999978,1172,135305.08,136.9485,4.210953346855984,18
Bronze,2017,Qtr 1,March,2017,Qtr 2,April,12,1130.8899999999999,14,909.97,75.8308,4.833333333333333,6
Bronze,2017,Qtr 1,March,2017,Qtr 2,May,6,515.71,7,410.7,68.45,4.666666666666667,3
Bronze,2017,Qtr 1,March,2017,Qtr 2,June,9,876.8900000000001,9,717.65,79.7389,3.3,4
Bronze,2017,Qtr 1,March,2017,Qtr 3,July,8,788.05,8,675.44,84.43,3.875,4
Bronze,2017,Qtr 1,March,2017,Qtr 3,August,5,569.48,5,477.72,95.544,4.6,2
Bronze,2017,Qtr 1,March,2017,Qtr 3,September,4,393.42999999999995,4,328.49,82.1225,5,2
Bronze,2017,Qtr 1,March,2017,Qtr 4,October,10,1142.21,10,948.38,94.838,4.454545454545454,5
Bronze,2017,Qtr 1,March,2017,Qtr 4,December,2,105.14,2,86.48,43.24,4.5,1
Bronze,2017,Qtr 1,March,2018,Qtr 1,January,5,531.6,7,432.4,86.48,4.8,2
Bronze,2017,Qtr 1,March,2018,Qtr 1,February,2,278.01,2,214.8,107.4,3,1
Bronze,2017,Qtr 1,March,2018,Qtr 1,March,2,125.08,2,85.85,42.925,4,1
Bronze,2017,Qtr 1,March,2018,Qtr 2,April,6,602.95,7,455.23,75.8717,4.833333333333333,3
Bronze,2017,Qtr 1,March,2018,Qtr 2,May,3,153.46,3,121.89,40.63,4.666666666666667,1
Bronze,2017,Qtr 1,March,2018,Qtr 2,June,4,480.33,5,403.59,100.8975,5,2
Bronze,2017,Qtr 1,March,2018,Qtr 3,July,2,140.36,2,93.98,46.99,4.5,1
Bronze,2017,Qtr 1,March,2018,Qtr 3,August,7,549.23,8,430.57,61.51,4.857142857142857,3
Bronze,2017,Qtr 2,April,2017,Qtr 2,April,904,147353.0800000001,1056,126629.34,140.0767,4.1177777777777775,17
Bronze,2017,Qtr 2,April,2017,Qtr 2,May,10,896.7399999999999,11,727.04,72.704,3.8,5
Bronze,2017,Qtr 2,April,2017,Qtr 3,July,7,628.77,7,507.57,72.51,4.75,3
Bronze,2017,Qtr 2,April,2017,Qtr 3,August,4,465.55,5,377.59,94.3975,3.5,2
Bronze,2017,Qtr 2,April,2017,Qtr 3,September,4,450.85,5,370.5,92.625,4.75,2
Bronze,2017,Qtr 2,April,2017,Qtr 4,October,6,562.13,6,462.83,77.1383,4.666666666666667,3
Bronze,2017,Qtr 2,April,2017,Qtr 4,November,10,860.52,10,695.88,69.588,4.1,5
Bronze,2017,Qtr 2,April,2017,Qtr 4,December,8,810.47,8,709.18,88.6475,4.125,4
Bronze,2017,Qtr 2,April,2018,Qtr 1,January,4,298.67,4,239.19,59.7975,4.5,2
Bronze,2017,Qtr 2,April,2018,Qtr 1,February,2,132.85,2,102.99,51.495,3,1
Bronze,2017,Qtr 2,April,2018,Qtr 1,March,2,294.02,2,248.9,124.45,3,1
Bronze,2017,Qtr 2,April,2018,Qtr 2,June,2,182.35,2,132.8,66.4,4.5,1
Bronze,2017,Qtr 2,April,2018,Qtr 3,July,2,233.63,3,178.65,89.325,4,1
Bronze,2017,Qtr 2,April,2018,Qtr 3,August,5,337.1,5,266.88,53.376,5,2
Bronze,2017,Qtr 2,May,2017,Qtr 2,May,1458,231451.30000000037,1704,197652.67,135.5642,4.213114754098361,31
Bronze,2017,Qtr 2,May,2017,Qtr 2,June,17,1461.38,18,1138.22,66.9541,4.411764705882353,8
Bronze,2017,Qtr 2,May,2017,Qtr 3,July,15,1523.3000000000002,19,1190.61,79.374,4.642857142857143,7
Bronze,2017,Qtr 2,May,2017,Qtr 3,August,11,928.82,14,703.62,63.9655,4.416666666666667,4
Bronze,2017,Qtr 2,May,2017,Qtr 3,September,6,574.27,6,459.6,76.6,4,3
Bronze,2017,Qtr 2,May,2017,Qtr 4,October,2,237.71,2,209.99,104.995,5,1
Bronze,2017,Qtr 2,May,2017,Qtr 4,November,13,853.33,13,644.38,49.5677,4.384615384615385,6
Bronze,2017,Qtr 2,May,2017,Qtr 4,December,6,579.1,6,482.29,80.3817,4.5,3
Bronze,2017,Qtr 2,May,2018,Qtr 1,January,13,1301.5700000000002,13,1061.57,81.6592,4.25,6
Bronze,2017,Qtr 2,May,2018,Qtr 1,February,9,829.33,10,685.22,76.1356,4.333333333333333,4
Bronze,2017,Qtr 2,May,2018,Qtr 1,March,11,751.36,12,565.04,51.3673,4.818181818181818,5
Bronze,2017,Qtr 2,May,2018,Qtr 2,April,15,1275.29,16,971.93,64.7953,4.066666666666666,7
Bronze,2017,Qtr 2,May,2018,Qtr 2,May,10,1264.21,10,1054.29,105.429,4.4,5
Bronze,2017,Qtr 2,May,2018,Qtr 3,July,11,993.3199999999999,15,777.12,70.6473,4.3,5
Bronze,2017,Qtr 2,May,2018,Qtr 3,August,12,1322,15,1039.26,86.605,4.333333333333333,6
Bronze,2017,Qtr 2,June,2017,Qtr 2,June,1253,197267.52999999965,1439,168254.89,134.2816,4.232355273592387,38
Bronze,2017,Qtr 2,June,2017,Qtr 3,July,10,1070.86,12,884.75,88.475,4.8,5
Bronze,2017,Qtr 2,June,2017,Qtr 3,August,11,1046.32,11,816.91,74.2645,4,5
Bronze,2017,Qtr 2,June,2017,Qtr 3,September,10,846.0600000000001,10,704.38,70.438,4.777777777777778,5
Bronze,2017,Qtr 2,June,2017,Qtr 4,October,12,1063.97,12,880.56,73.38,4.416666666666667,6
Bronze,2017,Qtr 2,June,2017,Qtr 4,November,14,1251.0700000000002,16,970.28,69.3057,4.142857142857143,7
Bronze,2017,Qtr 2,June,2017,Qtr 4,December,14,1399.3,17,1066.72,76.1943,4.428571428571429,7
Bronze,2017,Qtr 2,June,2018,Qtr 1,January,10,778.09,11,569.19,56.919,4.777777777777778,5
Bronze,2017,Qtr 2,June,2018,Qtr 1,February,4,254.25,4,191.8,47.95,4,2
Bronze,2017,Qtr 2,June,2018,Qtr 1,March,13,1199.22,15,899.97,69.2285,4,6
Bronze,2017,Qtr 2,June,2018,Qtr 2,April,10,902.67,11,746.08,74.608,4.2,5
Bronze,2017,Qtr 2,June,2018,Qtr 2,May,8,621.28,10,493.59,61.6988,4.25,4
Bronze,2017,Qtr 2,June,2018,Qtr 2,June,2,217.39,2,177,88.5,5,1
Bronze,2017,Qtr 2,June,2018,Qtr 3,July,4,301.71000000000004,4,209.4,52.35,4.5,2
Bronze,2017,Qtr 2,June,2018,Qtr 3,August,4,357.72,4,301.69,75.4225,4.5,2
Bronze,2017,Qtr 3,July,2017,Qtr 3,July,1577,254850.96000000014,1837,217463.83,137.8972,4.1959416613823715,36
Bronze,2017,Qtr 3,July,2017,Qtr 3,August,26,2374.3399999999997,31,1836.08,70.6185,4.555555555555555,12
Bronze,2017,Qtr 3,July,2017,Qtr 3,September,18,1586.48,22,1224.98,68.0544,4.222222222222222,8
Bronze,2017,Qtr 3,July,2017,Qtr 4,October,11,1159,13,984.51,89.5009,4.454545454545454,5
Bronze,2017,Qtr 3,July,2017,Qtr 4,November,13,1076.8000000000002,16,796.87,61.2977,4,6
Bronze,2017,Qtr 3,July,2017,Qtr 4,December,8,859.93,8,701.48,87.685,4.875,4
Bronze,2017,Qtr 3,July,2018,Qtr 1,January,20,2028.03,22,1587.34,79.367,4.2,10
Bronze,2017,Qtr 3,July,2018,Qtr 1,February,8,939.45,10,798.39,99.7988,4.25,4
Bronze,2017,Qtr 3,July,2018,Qtr 1,March,10,716.8399999999999,11,538.41,53.841,4.6,5
Bronze,2017,Qtr 3,July,2018,Qtr 2,April,13,1290.69,16,1087.52,83.6554,4.846153846153846,6
Bronze,2017,Qtr 3,July,2018,Qtr 2,May,10,881.07,12,732.79,73.279,4.4,5
Bronze,2017,Qtr 3,July,2018,Qtr 2,June,15,1354.5699999999997,16,1102.56,73.504,4.8,7
Bronze,2017,Qtr 3,July,2018,Qtr 3,July,4,292.04999999999995,5,230.09,57.5225,4.5,2
Bronze,2017,Qtr 3,July,2018,Qtr 3,August,6,710.1,8,582.37,97.0617,4,3
Bronze,2017,Qtr 3,August,2017,Qtr 3,August,1653,265691.19000000006,1970,227042.89,137.352,4.292668269230769,40
Bronze,2017,Qtr 3,August,2017,Qtr 3,September,22,2174.19,25,1732.73,78.7605,4.2272727272727275,11
Bronze,2017,Qtr 3,August,2017,Qtr 4,October,13,1278.79,19,1053.29,81.0223,4.384615384615385,6
Bronze,2017,Qtr 3,August,2017,Qtr 4,November,10,946.46,13,773.57,77.357,4.3,5
Bronze,2017,Qtr 3,August,2017,Qtr 4,December,10,939.99,10,774.56,77.456,4.222222222222222,5
Bronze,2017,Qtr 3,August,2018,Qtr 1,January,13,1325.9,13,1135.38,87.3369,4.153846153846154,6
Bronze,2017,Qtr 3,August,2018,Qtr 1,February,14,1493.14,17,1214.72,86.7657,4.071428571428571,7
Bronze,2017,Qtr 3,August,2018,Qtr 1,March,6,652.53,6,498.6,83.1,4,3
Bronze,2017,Qtr 3,August,2018,Qtr 2,April,2,152.14,2,121.3,60.65,4,1
Bronze,2017,Qtr 3,August,2018,Qtr 2,May,9,867.8100000000001,9,717.08,79.6756,4.666666666666667,4
Bronze,2017,Qtr 3,August,2018,Qtr 2,June,10,934.0899999999999,14,698.15,69.815,3.6,5
Bronze,2017,Qtr 3,August,2018,Qtr 3,July,8,776.5,8,645.66,80.7075,4.571428571428571,4
Bronze,2017,Qtr 3,August,2018,Qtr 3,August,2,222.04,2,189.89,94.945,5,1
Bronze,2017,Qtr 3,September,2017,Qtr 3,September,1631,263068.66000000015,1910,224452.02,137.6162,4.2655677655677655,35
Bronze,2017,Qtr 3,September,2017,Qtr 4,October,26,2657.6000000000004,29,2183.65,83.9865,4.923076923076923,13
Bronze,2017,Qtr 3,September,2017,Qtr 4,November,24,2153.97,27,1775.33,73.9721,4.541666666666667,12
Bronze,2017,Qtr 3,September,2017,Qtr 4,December,14,1452.93,15,1174.35,83.8821,3.7857142857142856,7
Bronze,2017,Qtr 3,September,2018,Qtr 1,January,14,1221.76,17,947.77,67.6979,3.7142857142857144,7
Bronze,2017,Qtr 3,September,2018,Qtr 1,February,8,925.5600000000001,10,773.39,96.6738,4.75,4
Bronze,2017,Qtr 3,September,2018,Qtr 1,March,14,1218.2299999999998,17,945.98,67.57,4.714285714285714,6
Bronze,2017,Qtr 3,September,2018,Qtr 2,April,16,1428.36,17,1114.46,69.6538,4.9375,7
Bronze,2017,Qtr 3,September,2018,Qtr 2,May,14,1196.7199999999998,14,965.46,68.9614,4.428571428571429,7
Bronze,2017,Qtr 3,September,2018,Qtr 2,June,10,884.61,15,623.8,62.38,4.5,5
Bronze,2017,Qtr 3,September,2018,Qtr 3,July,15,1328.6399999999999,17,972.59,64.8393,4.466666666666667,7
Bronze,2017,Qtr 3,September,2018,Qtr 3,August,6,627.44,6,505.31,84.2183,4.666666666666667,3
Bronze,2017,Qtr 4,October,2017,Qtr 4,October,1789,287951.8400000002,2117,244154.75,136.4755,4.154835103409726,37
Bronze,2017,Qtr 4,October,2017,Qtr 4,November,36,3080.64,42,2454.32,68.1756,4.138888888888889,18
Bronze,2017,Qtr 4,October,2017,Qtr 4,December,13,1339.21,13,1179.03,90.6946,4.153846153846154,6
Bronze,2017,Qtr 4,October,2018,Qtr 1,January,4,486.18,4,440.39,110.0975,5,2
Bronze,2017,Qtr 4,October,2018,Qtr 1,February,9,757.97,9,636.97,70.7744,4.2727272727272725,4
Bronze,2017,Qtr 4,October,2018,Qtr 1,March,15,1334.0300000000002,15,1077.11,71.8073,4,7
Bronze,2017,Qtr 4,October,2018,Qtr 2,April,10,884.0400000000001,10,728.97,72.897,5,5
Bronze,2017,Qtr 4,October,2018,Qtr 2,May,21,2165.91,23,1812.22,86.2962,4.8,10
Bronze,2017,Qtr 4,October,2018,Qtr 2,June,16,1455.19,21,1151.05,71.9406,4.625,8
Bronze,2017,Qtr 4,October,2018,Qtr 3,July,2,228.38,2,172.4,86.2,5,1
Bronze,2017,Qtr 4,October,2018,Qtr 3,August,10,1072.71,10,918.19,91.819,4.3,5
Bronze,2017,Qtr 4,November,2017,Qtr 4,November,2922,474384.610000001,3594,401852.24,137.5264,3.888128634964078,49
Bronze,2017,Qtr 4,November,2017,Qtr 4,December,53,5137.200000000001,63,4179.34,78.8555,3.830188679245283,26
Bronze,2017,Qtr 4,November,2018,Qtr 1,January,26,2663.3399999999997,28,2154.93,82.8819,4.346153846153846,13
Bronze,2017,Qtr 4,November,2018,Qtr 1,February,10,1120.2,11,941.02,94.102,4.4,5
Bronze,2017,Qtr 4,November,2018,Qtr 1,March,10,1096.24,10,927.8,92.78,4.6,5
Bronze,2017,Qtr 4,November,2018,Qtr 2,April,8,624.4,8,499.99,62.4988,4.375,4
Bronze,2017,Qtr 4,November,2018,Qtr 2,May,8,627.8499999999999,11,469.3,58.6625,4.375,4
Bronze,2017,Qtr 4,November,2018,Qtr 2,June,19,1831.12,24,1482.44,78.0232,4.526315789473684,9
Bronze,2017,Qtr 4,November,2018,Qtr 3,July,8,640.72,8,463.74,57.9675,4.625,4
Bronze,2017,Qtr 4,November,2018,Qtr 3,August,4,413.24,4,354.7,88.675,4.75,2
Bronze,2017,Qtr 4,December,2017,Qtr 4,December,2368,387788.2200000007,2729,333198.55,140.7088,4.062711864406779,30
Bronze,2017,Qtr 4,December,2018,Qtr 1,January,12,1081.35,13,881.05,73.4208,4.2727272727272725,6
Bronze,2017,Qtr 4,December,2018,Qtr 1,February,17,1281.99,17,1065.87,62.6982,4.588235294117647,8
Bronze,2017,Qtr 4,December,2018,Qtr 1,March,26,2497.96,33,2012.79,77.415,3.6153846153846154,12
Bronze,2017,Qtr 4,December,2018,Qtr 2,April,12,1055.95,15,843.77,70.3142,4.2,6
Bronze,2017,Qtr 4,December,2018,Qtr 2,May,10,911.45,11,736.03,73.603,3.9,5
Bronze,2017,Qtr 4,December,2018,Qtr 2,June,10,1050.5,12,857.1,85.71,2.6,5
Bronze,2017,Qtr 4,December,2018,Qtr 3,August,12,1066.74,12,866.62,72.2183,4.5,6
Bronze,2018,Qtr 1,January,2018,Qtr 1,January,2924,471912.5100000006,3388,404603,138.3731,4.072820512820512,52
Bronze,2018,Qtr 1,January,2018,Qtr 1,February,24,2085.59,27,1697.86,70.7442,4.521739130434782,12
Bronze,2018,Qtr 1,January,2018,Qtr 1,March,26,2468.04,29,2002.68,77.0262,4.269230769230769,13
Bronze,2018,Qtr 1,January,2018,Qtr 2,April,15,1482.59,19,1163.58,77.572,4.235294117647059,7
Bronze,2018,Qtr 1,January,2018,Qtr 2,May,26,2414.49,28,1986.14,76.39,4.038461538461538,13
Bronze,2018,Qtr 1,January,2018,Qtr 2,June,13,1161.5800000000002,18,864.12,66.4708,4.3076923076923075,6
Bronze,2018,Qtr 1,January,2018,Qtr 3,July,14,1463.53,15,1184.77,84.6264,3.7142857142857144,7
Bronze,2018,Qtr 1,January,2018,Qtr 3,August,10,735.94,11,527.3,52.73,4.3,5
Bronze,2018,Qtr 1,February,2018,Qtr 1,February,2734,436248.7999999997,3226,372513.65,136.2522,3.7865454545454544,80
Bronze,2018,Qtr 1,February,2018,Qtr 1,March,26,2271.1600000000003,30,1815.82,69.8392,3.9310344827586206,11
Bronze,2018,Qtr 1,February,2018,Qtr 2,April,31,2603.8,32,2075.47,66.9506,4.53125,14
Bronze,2018,Qtr 1,February,2018,Qtr 2,May,20,1977.7099999999998,21,1638.43,81.9215,3.9,10
Bronze,2018,Qtr 1,February,2018,Qtr 2,June,19,1770.6599999999999,25,1363.58,71.7674,4.526315789473684,9
Bronze,2018,Qtr 1,February,2018,Qtr 3,July,4,431.03999999999996,4,362.38,90.595,3.75,2
Bronze,2018,Qtr 1,February,2018,Qtr 3,August,12,1139.77,12,945.87,78.8225,4,6
Bronze,2018,Qtr 1,March,2018,Qtr 1,March,2899,477396.930000001,3419,402176.38,138.7293,3.7729468599033815,45
Bronze,2018,Qtr 1,March,2018,Qtr 2,April,31,2446.6500000000005,34,1932.01,62.3229,4.258064516129032,15
Bronze,2018,Qtr 1,March,2018,Qtr 2,May,22,2006.7999999999997,27,1545.17,70.235,4.2272727272727275,10
Bronze,2018,Qtr 1,March,2018,Qtr 2,June,26,2987.17,28,2505.11,96.3504,4.076923076923077,13
Bronze,2018,Qtr 1,March,2018,Qtr 3,July,6,750.15,7,585.68,97.6133,4,3
Bronze,2018,Qtr 1,March,2018,Qtr 3,August,10,922.22,11,773.14,77.314,4,5
Bronze,2018,Qtr 2,April,2018,Qtr 2,April,2843,472342.0599999995,3342,400610.79,140.9113,4.170921985815603,21
Bronze,2018,Qtr 2,April,2018,Qtr 2,May,34,3437.5299999999997,38,2788.05,82.0015,4.411764705882353,17
Bronze,2018,Qtr 2,April,2018,Qtr 2,June,26,2516.2000000000003,38,2001.04,76.9631,3.68,13
Bronze,2018,Qtr 2,April,2018,Qtr 3,July,14,1272.4499999999998,14,1008.61,72.0436,4.857142857142857,7
Bronze,2018,Qtr 2,April,2018,Qtr 3,August,10,944.87,11,807.17,80.717,4.6,4
Bronze,2018,Qtr 2,May,2018,Qtr 2,May,2777,452652.54000000074,3302,386716.37,139.2569,4.166245030719191,21
Bronze,2018,Qtr 2,May,2018,Qtr 2,June,35,2949.4799999999996,47,2306.58,65.9023,4.514285714285714,17
Bronze,2018,Qtr 2,May,2018,Qtr 3,July,22,2261.1000000000004,28,1802.22,81.9191,4.863636363636363,11
Bronze,2018,Qtr 2,May,2018,Qtr 3,August,9,817.9499999999999,14,663.7,73.7444,4.222222222222222,4
Bronze,2018,Qtr 2,June,2018,Qtr 2,June,2630,430256.1199999997,3095,356834.49,135.6785,4.306138009912314,21
Bronze,2018,Qtr 2,June,2018,Qtr 3,July,36,3204.5299999999997,40,2499.74,69.4372,4.361111111111111,18
Bronze,2018,Qtr 2,June,2018,Qtr 3,August,13,1227.5199999999998,16,1006.8,77.4462,4.923076923076923,6
Bronze,2018,Qtr 3,July,2018,Qtr 3,July,2569,425208.84999999986,2956,354013.27,137.802,4.341549295774648,31
Bronze,2018,Qtr 3,July,2018,Qtr 3,August,42,4277.259999999999,45,3493.17,83.1707,4.285714285714286,21
Bronze,2018,Qtr 3,August,2018,Qtr 3,August,2533,417107.10000000027,2926,352067.03,138.9921,4.300475059382423,20
Gold,2016,Qtr 4,October,2016,Qtr 4,October,7,6743.969999999999,7,6327.94,903.9914,4.571428571428571,
Gold,2017,Qtr 1,January,2017,Qtr 1,January,16,12974.26,37,12309.75,769.3594,3.6875,1
Gold,2017,Qtr 1,January,2017,Qtr 4,November,3,841.15,5,763.4,254.4667,4.666666666666667,1
Gold,2017,Qtr 1,February,2017,Qtr 1,February,38,35191.93000000001,49,32356.12,851.4768,4.0256410256410255,2
Gold,2017,Qtr 1,March,2017,Qtr 1,March,55,49541.009999999995,68,46777.32,850.4967,4.117647058823529,1
Gold,2017,Qtr 1,March,2017,Qtr 2,May,3,760.01,4,682.99,227.6633,1.8,1
Gold,2017,Qtr 1,March,2018,Qtr 1,February,4,769.81,4,681.6,170.4,5,1
Gold,2017,Qtr 1,March,2018,Qtr 1,March,6,1523.85,8,1346.39,224.3983,4,2
Gold,2017,Qtr 1,March,2018,Qtr 2,May,6,1585.9,8,1397.84,232.9733,4.166666666666667,2
Gold,2017,Qtr 2,April,2017,Qtr 2,April,46,42460.18999999999,51,39604.29,860.9628,4.2,
Gold,2017,Qtr 2,April,2017,Qtr 2,May,2,1398.18,3,1342.99,671.495,4.5,1
Gold,2017,Qtr 2,April,2017,Qtr 2,June,3,746.28,3,669.9,223.3,5,1
Gold,2017,Qtr 2,April,2017,Qtr 3,July,2,1237.39,2,1198,599,1,1
Gold,2017,Qtr 2,April,2017,Qtr 3,September,4,1767.2,4,1618.9,404.725,3.75,2
Gold,2017,Qtr 2,April,2017,Qtr 4,October,2,1294.09,2,1259.9,629.95,5,1
Gold,2017,Qtr 2,April,2017,Qtr 4,November,2,1218.7,6,1097.96,548.98,1,1
Gold,2017,Qtr 2,April,2017,Qtr 4,December,2,1043.06,2,979.89,489.945,5,1
Gold,2017,Qtr 2,April,2018,Qtr 3,August,2,958.13,2,917.9,458.95,5,1
Gold,2017,Qtr 2,May,2017,Qtr 2,May,74,66509.15000000001,111,61789.35,834.9912,4.527027027027027,5
Gold,2017,Qtr 2,May,2017,Qtr 3,August,3,919.34,4,501.97,167.3233,5,1
Gold,2017,Qtr 2,May,2017,Qtr 3,September,2,1247.13,3,1174.98,587.49,3.5,1
Gold,2017,Qtr 2,May,2017,Qtr 4,October,3,839.62,3,759.8,253.2667,5,1
Gold,2017,Qtr 2,May,2017,Qtr 4,November,2,1467.87,2,1399.9,699.95,3,1
Gold,2017,Qtr 2,May,2018,Qtr 2,April,2,944.57,2,885.9,442.95,4.5,1
Gold,2017,Qtr 2,May,2018,Qtr 2,May,9,1674.3400000000001,15,1344.6,149.4,4.7,2
Gold,2017,Qtr 2,June,2017,Qtr 2,June,55,53046.93000000001,83,48744.56,886.2647,4.2,1
Gold,2017,Qtr 2,June,2017,Qtr 3,September,3,1195.23,5,960.48,320.16,4,1
Gold,2017,Qtr 2,June,2017,Qtr 4,November,3,779.34,3,719.7,239.9,1,1
Gold,2017,Qtr 2,June,2017,Qtr 4,December,3,841.98,5,709.6,236.5333,5,1
Gold,2017,Qtr 2,June,2018,Qtr 2,April,2,879.86,2,848,424,2.5,1
Gold,2017,Qtr 2,June,2018,Qtr 2,May,4,790.67,6,670.39,167.5975,4.25,1
Gold,2017,Qtr 2,June,2018,Qtr 3,August,15,879.27,15,714.63,47.642,5,1
Gold,2017,Qtr 3,July,2017,Qtr 3,July,58,51593.460000000014,82,47868.53,825.3195,4.155172413793103,2
Gold,2017,Qtr 3,July,2017,Qtr 4,December,4,1498.99,5,1358.2,339.55,3.75,2
Gold,2017,Qtr 3,July,2018,Qtr 1,January,2,1441.62,2,1355.9,677.95,5,1
Gold,2017,Qtr 3,July,2018,Qtr 2,April,8,1832.56,15,1612.45,201.5563,3.625,2
Gold,2017,Qtr 3,July,2018,Qtr 3,July,5,1862.75,5,1685.7,337.14,4.8,2
Gold,2017,Qtr 3,July,2018,Qtr 3,August,6,1094.63,11,687.76,114.6267,4.5,1
Gold,2017,Qtr 3,August,2017,Qtr 3,August,95,89953.13,125,84795.06,892.5796,4.144329896907217,4
Gold,2017,Qtr 3,August,2017,Qtr 3,September,4,1236.76,4,1047,261.75,5,1
Gold,2017,Qtr 3,August,2017,Qtr 4,October,3,729.74,3,679.7,226.5667,4.333333333333333,1
Gold,2017,Qtr 3,August,2018,Qtr 1,January,6,944.21,7,836.6,139.4333,4.857142857142857,1
Gold,2017,Qtr 3,August,2018,Qtr 1,February,2,963.25,2,919.9,459.95,,1
Gold,2017,Qtr 3,August,2018,Qtr 1,March,7,2018.9,16,1790.1,255.7286,4.142857142857143,2
Gold,2017,Qtr 3,August,2018,Qtr 2,April,2,758.18,4,692.8,346.4,3,1
Gold,2017,Qtr 3,August,2018,Qtr 2,June,2,753.74,2,558.99,279.495,3.5,1
Gold,2017,Qtr 3,August,2018,Qtr 3,July,5,2134.69,7,2039.63,407.926,5,2
Gold,2017,Qtr 3,September,2017,Qtr 3,September,110,106146.99000000002,152,100026.4,909.3309,4.2,5
Gold,2017,Qtr 3,September,2017,Qtr 4,October,2,788.16,2,648.99,324.495,5,1
Gold,2017,Qtr 3,September,2018,Qtr 1,January,6,2690.5099999999998,8,2512.69,418.7817,4.166666666666667,3
Gold,2017,Qtr 3,September,2018,Qtr 1,February,14,3237.24,24,2681.55,191.5393,3.2,3
Gold,2017,Qtr 3,September,2018,Qtr 2,June,7,758.83,9,664.2,94.8857,5,1
Gold,2017,Qtr 4,October,2017,Qtr 4,October,103,100098.87999999999,156,93419.17,906.9822,4.0588235294117645,1
Gold,2017,Qtr 4,October,2017,Qtr 4,November,4,1691.5900000000001,4,1602.68,400.67,3.75,2
Gold,2017,Qtr 4,October,2018,Qtr 1,February,2,1078.16,6,887.44,443.72,2.5,1
Gold,2017,Qtr 4,October,2018,Qtr 1,March,2,1267.2,4,1199.6,599.8,3.5,1
Gold,2017,Qtr 4,October,2018,Qtr 2,May,2,1050,7,932.22,466.11,4.5,1
Gold,2017,Qtr 4,October,2018,Qtr 2,June,11,1901.9,17,1404.51,127.6827,4.909090909090909,2
Gold,2017,Qtr 4,October,2018,Qtr 3,July,4,1773.07,9,1568.99,392.2475,5,2
Gold,2017,Qtr 4,November,2017,Qtr 4,November,136,127780.69999999997,231,118338.03,870.1326,4.0510948905109485,2
Gold,2017,Qtr 4,November,2017,Qtr 4,December,14,7777.490000000001,20,7196.33,514.0236,3.857142857142857,7
Gold,2017,Qtr 4,November,2018,Qtr 1,January,2,742.78,4,659.6,329.8,4.5,1
Gold,2017,Qtr 4,November,2018,Qtr 1,February,9,2442.27,11,2251.81,250.2011,5,2
Gold,2017,Qtr 4,November,2018,Qtr 1,March,2,754.62,6,629.7,314.85,5,1
Gold,2017,Qtr 4,November,2018,Qtr 2,April,4,1782.31,5,1699.68,424.92,4.75,2
Gold,2017,Qtr 4,November,2018,Qtr 2,May,2,1047.15,2,1004.99,502.495,5,1
Gold,2017,Qtr 4,November,2018,Qtr 2,June,3,780.4,5,641.68,213.8933,3.6666666666666665,1
Gold,2017,Qtr 4,November,2018,Qtr 3,July,5,2062.22,6,1861.08,372.216,4.5,2
Gold,2017,Qtr 4,December,2017,Qtr 4,December,64,64902.39000000001,90,61118.95,954.9836,3.564516129032258,2
Gold,2017,Qtr 4,December,2018,Qtr 1,January,2,865.97,2,836.9,418.45,3.5,1
Gold,2017,Qtr 4,December,2018,Qtr 1,February,2,805.12,8,531.04,265.52,3,1
Gold,2017,Qtr 4,December,2018,Qtr 2,April,2,923.4,2,890,445,4,1
Gold,2017,Qtr 4,December,2018,Qtr 2,May,4,1497.8200000000002,5,1382.8,345.7,4.25,2
Gold,2017,Qtr 4,December,2018,Qtr 2,June,2,758.59,5,700.68,350.34,4.5,1
Gold,2017,Qtr 4,December,2018,Qtr 3,August,5,745.41,6,633.16,126.632,5,1
Gold,2018,Qtr 1,January,2018,Qtr 1,January,130,117451.79000000001,208,109931.59,845.6276,3.7518796992481205,8
Gold,2018,Qtr 1,January,2018,Qtr 2,April,7,2378.45,12,2068.23,295.4614,3.4285714285714284,3
Gold,2018,Qtr 1,January,2018,Qtr 2,May,3,1290.88,4,1216.9,405.6333,5,1
Gold,2018,Qtr 1,February,2018,Qtr 1,February,103,87128.53999999996,135,81763.8,793.8233,3.6923076923076925,5
Gold,2018,Qtr 1,February,2018,Qtr 2,May,3,1451,4,1392.44,464.1467,5,1
Gold,2018,Qtr 1,February,2018,Qtr 2,June,3,1254.01,11,1021.5,340.5,2,1
Gold,2018,Qtr 1,February,2018,Qtr 3,July,2,1274.03,2,1174.9,587.45,4,1
Gold,2018,Qtr 1,March,2018,Qtr 1,March,134,127060.97000000002,191,119198.16,889.5385,3.3636363636363638,4
Gold,2018,Qtr 1,March,2018,Qtr 2,May,4,1056.33,4,866.79,216.6975,4,1
Gold,2018,Qtr 1,March,2018,Qtr 3,July,2,989.59,2,928.99,464.495,5,1
Gold,2018,Qtr 2,April,2018,Qtr 2,April,138,133740.63,208,123900.23,897.8278,4.086956521739131,2
Gold,2018,Qtr 2,April,2018,Qtr 2,May,4,2051.46,4,1929.97,482.4925,4.2,2
Gold,2018,Qtr 2,April,2018,Qtr 2,June,4,2206.75,4,2117.7,529.425,4,2
Gold,2018,Qtr 2,April,2018,Qtr 3,July,2,804.12,2,770.89,385.445,3,1
Gold,2018,Qtr 2,May,2018,Qtr 2,May,148,141499.62999999992,225,131570.07,888.987,4.20945945945946,1
Gold,2018,Qtr 2,May,2018,Qtr 2,June,8,4876.01,16,4253.88,531.735,3.5,4
Gold,2018,Qtr 2,May,2018,Qtr 3,July,2,939.61,5,844.1,422.05,5,1
Gold,2018,Qtr 2,June,2018,Qtr 2,June,119,112322.54000000001,153,105427.81,885.948,4.25,1
Gold,2018,Qtr 2,June,2018,Qtr 3,July,2,763.25,3,595.9,297.95,4,1
Gold,2018,Qtr 3,July,2018,Qtr 3,July,124,117429.20999999998,192,107676.89,868.362,4.138211382113822,2
Gold,2018,Qtr 3,July,2018,Qtr 3,August,2,1098.34,4,989.74,494.87,5,1
Gold,2018,Qtr 3,August,2018,Qtr 3,August,105,100036.04999999999,135,93845.65,893.7681,4.314285714285714,2
New / Low Value,2016,Qtr 3,September,2016,Qtr 3,September,1,,3,134.97,134.97,1,
New / Low Value,2016,Qtr 4,October,2016,Qtr 4,October,115,7079.669999999999,116,5248.6,45.64,3.991228070175439,
New / Low Value,2016,Qtr 4,December,2017,Qtr 1,January,2,39.24,2,21.8,10.9,5,1
New / Low Value,2017,Qtr 1,January,2017,Qtr 1,January,330,18095.780000000017,352,12876.86,39.0208,4.2392638036809815,6
New / Low Value,2017,Qtr 1,January,2018,Qtr 1,January,2,99.3,2,34.2,17.1,4.5,1
New / Low Value,2017,Qtr 1,February,2017,Qtr 1,February,753,43240.849999999926,783,31281.77,41.5429,4.197860962566845,2
New / Low Value,2017,Qtr 1,February,2017,Qtr 1,March,2,99.04,2,70,35,2.3333333333333335,1
New / Low Value,2017,Qtr 1,February,2017,Qtr 3,July,4,157.43,4,99.79,24.9475,5,2
New / Low Value,2017,Qtr 1,February,2017,Qtr 3,September,2,67.8,2,44.99,22.495,4.5,1
New / Low Value,2017,Qtr 1,February,2018,Qtr 1,January,4,182.32,4,133.96,33.49,4,2
New / Low Value,2017,Qtr 1,March,2017,Qtr 1,March,1183,69966.56999999979,1248,51341.86,43.3997,4.159052453468697,9
New / Low Value,2017,Qtr 1,March,2017,Qtr 2,April,4,175.74,4,124.78,31.195,5,2
New / Low Value,2017,Qtr 1,March,2017,Qtr 2,June,2,69.51,2,39.89,19.945,5,1
New / Low Value,2017,Qtr 1,March,2017,Qtr 4,October,2,66.97,2,39.9,19.95,5,1
New / Low Value,2017,Qtr 1,March,2017,Qtr 4,November,2,58.44,2,27.29,13.645,5,1
New / Low Value,2017,Qtr 1,March,2018,Qtr 1,January,4,180.35,4,128.96,32.24,4.25,2
New / Low Value,2017,Qtr 1,March,2018,Qtr 2,June,4,133.51,4,91.6,22.9,4.25,2
New / Low Value,2017,Qtr 2,April,2017,Qtr 2,April,1032,60096.36999999976,1083,43574.88,42.2237,4.1768707482993195,5
New / Low Value,2017,Qtr 2,April,2017,Qtr 2,May,4,191.17000000000002,4,118.78,29.695,4.5,2
New / Low Value,2017,Qtr 2,April,2017,Qtr 2,June,2,40.7,2,24.2,12.1,3.5,1
New / Low Value,2017,Qtr 2,April,2017,Qtr 4,October,2,97.62,2,66.99,33.495,5,1
New / Low Value,2017,Qtr 2,April,2017,Qtr 4,November,2,76.46,2,45.8,22.9,5,1
New / Low Value,2017,Qtr 2,April,2018,Qtr 1,February,4,190.41000000000003,5,127.56,31.89,4,2
New / Low Value,2017,Qtr 2,May,2017,Qtr 2,May,1565,93336.26999999999,1637,68907.51,44.0304,4.248721227621483,10
New / Low Value,2017,Qtr 2,May,2017,Qtr 2,June,6,227.92000000000002,7,141.68,23.6133,4.166666666666667,3
New / Low Value,2017,Qtr 2,May,2017,Qtr 3,July,2,73.04,2,56.99,28.495,4,1
New / Low Value,2017,Qtr 2,May,2017,Qtr 4,October,2,79.09,2,50.89,25.445,4.5,1
New / Low Value,2017,Qtr 2,June,2017,Qtr 2,June,1433,86228.10999999986,1500,63779.68,44.5078,4.226666666666667,4
New / Low Value,2017,Qtr 2,June,2017,Qtr 3,July,6,249.8,6,166.02,27.67,3.8333333333333335,3
New / Low Value,2017,Qtr 2,June,2017,Qtr 3,August,2,53.6,2,32.85,16.425,5,1
New / Low Value,2017,Qtr 2,June,2017,Qtr 3,September,2,85.71,2,66.2,33.1,5,1
New / Low Value,2017,Qtr 2,June,2017,Qtr 4,November,2,61.73,2,32.38,16.19,5,1
New / Low Value,2017,Qtr 2,June,2018,Qtr 1,February,2,72.1,2,41.9,20.95,5,1
New / Low Value,2017,Qtr 3,July,2017,Qtr 3,July,1770,107469.32000000017,1850,80225.14,45.3249,4.315462753950339,8
New / Low Value,2017,Qtr 3,July,2017,Qtr 3,August,2,86.63,2,62.09,31.045,5,1
New / Low Value,2017,Qtr 3,July,2017,Qtr 4,October,2,62.61,2,44.89,22.445,4.5,1
New / Low Value,2017,Qtr 3,July,2017,Qtr 4,November,4,139.55,4,97.79,24.4475,4.75,2
New / Low Value,2017,Qtr 3,July,2018,Qtr 2,June,2,98.28,2,75.8,37.9,5,1
New / Low Value,2017,Qtr 3,July,2018,Qtr 3,August,2,68.94,2,38.6,19.3,5,1
New / Low Value,2017,Qtr 3,August,2017,Qtr 3,August,1939,118490.89000000012,2032,88609.36,45.6985,4.341261633919338,8
New / Low Value,2017,Qtr 3,August,2017,Qtr 3,September,4,172.42000000000002,4,110,27.5,5,2
New / Low Value,2017,Qtr 3,August,2017,Qtr 4,October,6,235.57,6,164.87,27.4783,4.166666666666667,3
New / Low Value,2017,Qtr 3,August,2017,Qtr 4,November,6,245.46,7,154.58,25.7633,4.333333333333333,3
New / Low Value,2017,Qtr 3,August,2017,Qtr 4,December,4,170.82999999999998,4,128.49,32.1225,5,2
New / Low Value,2017,Qtr 3,August,2018,Qtr 1,January,5,176.01999999999998,5,108.01,21.602,5,2
New / Low Value,2017,Qtr 3,August,2018,Qtr 1,February,2,55.7,2,32,16,4.5,1
New / Low Value,2017,Qtr 3,August,2018,Qtr 1,March,2,92.22,2,66.9,33.45,5,1
New / Low Value,2017,Qtr 3,August,2018,Qtr 2,June,2,99.58,2,71.69,35.845,4.5,1
New / Low Value,2017,Qtr 3,August,2018,Qtr 3,August,2,81.18,2,50.8,25.4,3.5,1
New / Low Value,2017,Qtr 3,September,2017,Qtr 3,September,1830,113783.81000000014,1903,84939.98,46.4153,4.27007700770077,3
New / Low Value,2017,Qtr 3,September,2017,Qtr 4,October,6,255.10999999999999,7,157.66,26.2767,4.166666666666667,3
New / Low Value,2017,Qtr 3,September,2017,Qtr 4,November,2,91.35,2,64.4,32.2,5,1
New / Low Value,2017,Qtr 3,September,2017,Qtr 4,December,2,73.06,3,46.6,23.3,1,1
New / Low Value,2017,Qtr 3,September,2018,Qtr 1,February,2,80.2,2,50,25,4.5,1
New / Low Value,2017,Qtr 3,September,2018,Qtr 2,April,2,54.15,3,29.79,14.895,4.5,1
New / Low Value,2017,Qtr 3,September,2018,Qtr 3,July,2,72.65,2,54.97,27.485,5,1
New / Low Value,2017,Qtr 4,October,2017,Qtr 4,October,1962,119588.49000000006,2068,89487.6,45.6104,4.257916241062309,2
New / Low Value,2017,Qtr 4,October,2017,Qtr 4,November,4,122.01,4,74.69,18.6725,4.5,2
New / Low Value,2017,Qtr 4,October,2018,Qtr 1,February,2,77.18,2,48.98,24.49,4.5,1
New / Low Value,2017,Qtr 4,October,2018,Qtr 2,April,2,79.53,3,56.97,28.485,3.5,1
New / Low Value,2017,Qtr 4,October,2018,Qtr 2,May,2,97.36,2,71.13,35.565,5,1
New / Low Value,2017,Qtr 4,November,2017,Qtr 4,November,3305,197931.37999999998,3434,147355.66,44.5857,4.086798179059181,10
New / Low Value,2017,Qtr 4,November,2017,Qtr 4,December,4,182.88,4,128.98,32.245,4.25,2
New / Low Value,2017,Qtr 4,November,2018,Qtr 1,January,2,68.77,2,45.89,22.945,5,1
New / Low Value,2017,Qtr 4,November,2018,Qtr 1,February,2,98.82,2,82.6,41.3,4,1
New / Low Value,2017,Qtr 4,November,2018,Qtr 1,March,2,75.31,2,41.26,20.63,3,1
New / Low Value,2017,Qtr 4,November,2018,Qtr 2,April,4,122.94,4,87.2,21.8,4.25,2
New / Low Value,2017,Qtr 4,November,2018,Qtr 2,May,4,157.61,4,125.43,31.3575,3.5,2
New / Low Value,2017,Qtr 4,November,2018,Qtr 3,July,2,69.94,2,54.39,27.195,2.5,1
New / Low Value,2017,Qtr 4,December,2017,Qtr 4,December,2430,148573.41999999984,2529,112108.42,46.1352,4.187913907284768,5
New / Low Value,2017,Qtr 4,December,2018,Qtr 1,February,2,74.94,2,49.98,24.99,5,1
New / Low Value,2017,Qtr 4,December,2018,Qtr 1,March,4,156.07,4,99.79,24.9475,4,2
New / Low Value,2017,Qtr 4,December,2018,Qtr 2,April,6,258.55,6,179.77,29.9617,3.8333333333333335,3
New / Low Value,2017,Qtr 4,December,2018,Qtr 2,May,4,153.55,4,100.15,25.0375,5,2
New / Low Value,2017,Qtr 4,December,2018,Qtr 3,August,2,99.34,2,64.8,32.4,4,1
New / Low Value,2018,Qtr 1,January,2018,Qtr 1,January,3186,188365.75999999963,3322,139333.38,43.733,4.189965288734617,9
New / Low Value,2018,Qtr 1,January,2018,Qtr 1,February,4,109.30000000000001,4,63.98,15.995,3.25,2
New / Low Value,2018,Qtr 1,January,2018,Qtr 1,March,2,42.47,2,27.3,13.65,4.5,1
New / Low Value,2018,Qtr 1,January,2018,Qtr 2,April,2,88.28,2,64.89,32.445,4.5,1
New / Low Value,2018,Qtr 1,January,2018,Qtr 2,May,2,95.56,2,74.99,37.495,5,1
New / Low Value,2018,Qtr 1,January,2018,Qtr 3,July,2,63.94,2,48.65,24.325,4.5,1
New / Low Value,2018,Qtr 1,January,2018,Qtr 3,August,4,122.85,4,83.52,20.88,4.75,2
New / Low Value,2018,Qtr 1,February,2018,Qtr 1,February,2949,171782.24999999933,3066,127630.71,43.2793,3.9918505942275044,12
New / Low Value,2018,Qtr 1,February,2018,Qtr 1,March,4,134.06,4,74.79,18.6975,4.75,2
New / Low Value,2018,Qtr 1,February,2018,Qtr 2,April,2,80.2,2,52.7,26.35,5,1
New / Low Value,2018,Qtr 1,February,2018,Qtr 2,May,4,134.2,4,72.68,18.17,4.5,2
New / Low Value,2018,Qtr 1,February,2018,Qtr 2,June,2,69.15,2,52.89,26.445,5,1
New / Low Value,2018,Qtr 1,February,2018,Qtr 3,July,8,359.64,8,223.59,27.9488,3.625,4
New / Low Value,2018,Qtr 1,February,2018,Qtr 3,August,4,168.6,4,134.8,33.7,5,2
New / Low Value,2018,Qtr 1,March,2018,Qtr 1,March,3112,186968.26000000094,3255,137302.25,44.1203,3.892937762012254,8
New / Low Value,2018,Qtr 1,March,2018,Qtr 2,April,8,337.89,8,252.45,31.5563,4.5,4
New / Low Value,2018,Qtr 1,March,2018,Qtr 2,May,4,151.2,4,99.96,24.99,4.5,2
New / Low Value,2018,Qtr 1,March,2018,Qtr 3,July,6,278.71000000000004,7,201.5,33.5833,4.833333333333333,3
New / Low Value,2018,Qtr 1,March,2018,Qtr 3,August,4,170.45,4,121.88,30.47,5,2
New / Low Value,2018,Qtr 2,April,2018,Qtr 2,April,2981,180633.67000000016,3119,135050.21,45.3037,4.25782564792999,8
New / Low Value,2018,Qtr 2,April,2018,Qtr 2,May,16,643.68,16,412.15,25.7594,4.6875,8
New / Low Value,2018,Qtr 2,April,2018,Qtr 2,June,2,39.18,2,22.49,11.245,4.5,1
New / Low Value,2018,Qtr 2,April,2018,Qtr 3,July,4,140.19,4,105.7,26.425,4.25,2
New / Low Value,2018,Qtr 2,April,2018,Qtr 3,August,4,111.21000000000001,5,66.05,16.5125,3.5,2
New / Low Value,2018,Qtr 2,May,2018,Qtr 2,May,2989,182907.6700000004,3122,139200.35,46.5709,4.3139885944313985,5
New / Low Value,2018,Qtr 2,May,2018,Qtr 2,June,8,339.21999999999997,8,247.87,30.9838,4,4
New / Low Value,2018,Qtr 2,May,2018,Qtr 3,August,4,126.28999999999999,4,79.59,19.8975,5,2
New / Low Value,2018,Qtr 2,June,2018,Qtr 2,June,2585,154026.76000000042,2712,112519.52,43.5279,4.336829836829837,4
New / Low Value,2018,Qtr 2,June,2018,Qtr 3,August,7,256.71999999999997,8,174.25,24.8929,4.571428571428571,3
New / Low Value,2018,Qtr 3,July,2018,Qtr 3,July,2742,165918.22000000026,2863,121144.88,44.1812,4.336380255941499,6
New / Low Value,2018,Qtr 3,July,2018,Qtr 3,August,2,55.08,2,39.38,19.69,4,1
New / Low Value,2018,Qtr 3,August,2018,Qtr 3,August,3046,184947.08999999973,3190,138066.26,45.3271,4.329159802306425,1
Silver,2016,Qtr 4,October,2016,Qtr 4,October,33,15006.929999999997,56,13537.86,410.2382,4.0625,1
Silver,2016,Qtr 4,October,2017,Qtr 3,July,2,620.06,2,588.9,294.45,5,1
Silver,2016,Qtr 4,October,2018,Qtr 1,January,2,473.97,2,382.5,191.25,5,1
Silver,2016,Qtr 4,October,2018,Qtr 2,May,2,523.12,2,431.3,215.65,3.5,1
Silver,2017,Qtr 1,January,2017,Qtr 1,January,93,37295.810000000005,131,34619.04,372.2477,4.145833333333333,4
Silver,2017,Qtr 1,January,2017,Qtr 1,March,2,333.17,2,297.98,148.99,3.5,1
Silver,2017,Qtr 1,January,2017,Qtr 3,August,3,320.17,4,259.6,86.5333,5,1
Silver,2017,Qtr 1,January,2017,Qtr 4,December,2,318.42,2,278.9,139.45,4.5,1
Silver,2017,Qtr 1,January,2018,Qtr 1,January,4,658.77,5,537.74,134.435,4,2
Silver,2017,Qtr 1,January,2018,Qtr 1,February,4,742.31,4,663.8,165.95,4.75,2
Silver,2017,Qtr 1,January,2018,Qtr 2,June,4,838.03,4,768.89,192.2225,5,2
Silver,2017,Qtr 1,February,2017,Qtr 1,February,140,56621.00999999997,192,51707.39,369.3385,4.352112676056338,6
Silver,2017,Qtr 1,February,2017,Qtr 1,March,2,635.4,2,599.8,299.9,5,1
Silver,2017,Qtr 1,February,2017,Qtr 2,April,2,373.67,2,350,175,3,1
Silver,2017,Qtr 1,February,2017,Qtr 2,June,8,1658.7,8,1397.25,174.6563,3.625,4
Silver,2017,Qtr 1,February,2017,Qtr 3,August,2,609.87,3,539.7,269.85,4,1
Silver,2017,Qtr 1,February,2017,Qtr 4,October,2,372.52,2,339.8,169.9,5,1
Silver,2017,Qtr 1,February,2017,Qtr 4,December,3,408.7,3,374.15,124.7167,3.6666666666666665,1
Silver,2017,Qtr 1,February,2018,Qtr 1,January,2,363.82,2,298.99,149.495,2.5,1
Silver,2017,Qtr 1,February,2018,Qtr 1,March,3,554.09,7,420.66,140.22,4.333333333333333,1
Silver,2017,Qtr 1,February,2018,Qtr 2,June,2,608.88,3,551.79,275.895,2,1
Silver,2017,Qtr 1,February,2018,Qtr 3,July,3,405.02,3,349.9,116.6333,5,1
Silver,2017,Qtr 1,March,2017,Qtr 1,March,213,86659.62999999998,289,78987.99,370.8356,4.09433962264151,7
Silver,2017,Qtr 1,March,2017,Qtr 2,April,3,443.51,4,387.78,129.26,4.25,1
Silver,2017,Qtr 1,March,2017,Qtr 2,May,6,1266.29,9,999.5,166.5833,5,3
Silver,2017,Qtr 1,March,2017,Qtr 2,June,7,1323.63,7,1229.5,175.6429,3.5,3
Silver,2017,Qtr 1,March,2017,Qtr 3,July,8,2039.12,10,1764.25,220.5313,4.875,4
Silver,2017,Qtr 1,March,2017,Qtr 3,August,2,322.01,2,298.9,149.45,3,1
Silver,2017,Qtr 1,March,2017,Qtr 3,September,2,403.99,2,359.94,179.97,5,1
Silver,2017,Qtr 1,March,2017,Qtr 4,October,2,409.33,2,378.9,189.45,5,1
Silver,2017,Qtr 1,March,2017,Qtr 4,November,11,2200.56,13,1905.67,173.2427,4.636363636363637,5
Silver,2017,Qtr 1,March,2017,Qtr 4,December,2,360.21,2,318.9,159.45,5,1
Silver,2017,Qtr 1,March,2018,Qtr 1,January,6,1152.19,6,1044.65,174.1083,4.666666666666667,3
Silver,2017,Qtr 1,March,2018,Qtr 1,March,2,326.17,2,281,140.5,3,1
Silver,2017,Qtr 1,March,2018,Qtr 2,May,2,318.13,2,294.7,147.35,4.5,1
Silver,2017,Qtr 1,March,2018,Qtr 2,June,7,1074.18,9,934.36,133.48,4.571428571428571,2
Silver,2017,Qtr 1,March,2018,Qtr 3,July,2,310.84,2,259.89,129.945,5,1
Silver,2017,Qtr 2,April,2017,Qtr 2,April,209,83854.94999999994,254,76788.22,367.4078,4.028708133971292,2
Silver,2017,Qtr 2,April,2017,Qtr 2,May,13,2681.44,15,2321,178.5385,4.538461538461538,6
Silver,2017,Qtr 2,April,2017,Qtr 2,June,6,1185.04,6,1025.87,170.9783,4.166666666666667,3
Silver,2017,Qtr 2,April,2017,Qtr 3,August,6,1594.14,6,1489.78,248.2967,4.833333333333333,3
Silver,2017,Qtr 2,April,2017,Qtr 3,September,4,754.99,4,675.71,168.9275,4,2
Silver,2017,Qtr 2,April,2017,Qtr 4,October,8,1071.2,16,836.38,104.5475,4,3
Silver,2017,Qtr 2,April,2017,Qtr 4,December,4,862,4,733.88,183.47,5,2
Silver,2017,Qtr 2,April,2018,Qtr 1,January,4,724.26,4,648.88,162.22,4.5,2
Silver,2017,Qtr 2,April,2018,Qtr 1,February,6,1366.9099999999999,8,1226.57,204.4283,4,3
Silver,2017,Qtr 2,April,2018,Qtr 1,March,2,345.52,4,274.5,137.25,4,1
Silver,2017,Qtr 2,April,2018,Qtr 2,April,2,470.25,2,428.9,214.45,5,1
Silver,2017,Qtr 2,April,2018,Qtr 2,May,2,463.04,2,428,214,4.5,1
Silver,2017,Qtr 2,April,2018,Qtr 2,June,2,496.76,2,464.8,232.4,5,1
Silver,2017,Qtr 2,April,2018,Qtr 3,July,2,342.51,2,284,142,5,1
Silver,2017,Qtr 2,May,2017,Qtr 2,May,273,109936.97000000003,336,100447.6,367.9399,4.15884476534296,13
Silver,2017,Qtr 2,May,2017,Qtr 2,June,6,1136.29,11,918.05,153.0083,4.166666666666667,3
Silver,2017,Qtr 2,May,2017,Qtr 3,July,10,2151.58,12,1919.82,191.982,4.6,5
Silver,2017,Qtr 2,May,2017,Qtr 3,August,4,1072.6100000000001,6,913.8,228.45,4.5,2
Silver,2017,Qtr 2,May,2017,Qtr 3,September,6,1216.42,8,1077.49,179.5817,3.5,3
Silver,2017,Qtr 2,May,2017,Qtr 4,October,13,2392.2400000000002,16,2043.79,157.2146,4.3076923076923075,6
Silver,2017,Qtr 2,May,2017,Qtr 4,November,15,2480.41,18,2155.76,143.7173,3.9375,6
Silver,2017,Qtr 2,May,2017,Qtr 4,December,2,528.29,2,415,207.5,4.5,1
Silver,2017,Qtr 2,May,2018,Qtr 1,January,2,347.55,2,278,139,5,1
Silver,2017,Qtr 2,May,2018,Qtr 1,February,5,835.5,5,672.77,134.554,3.857142857142857,2
Silver,2017,Qtr 2,May,2018,Qtr 1,March,6,1170.75,11,897.4,149.5667,2.5,3
Silver,2017,Qtr 2,May,2018,Qtr 2,April,11,1665.0100000000002,17,1400.86,127.3509,4.333333333333333,3
Silver,2017,Qtr 2,May,2018,Qtr 2,May,2,356.85,2,308,154,5,1
Silver,2017,Qtr 2,May,2018,Qtr 2,June,4,426.12,5,327.19,81.7975,5,1
Silver,2017,Qtr 2,May,2018,Qtr 3,July,2,418.68,4,320.96,160.48,4,1
Silver,2017,Qtr 2,May,2018,Qtr 3,August,3,327.39,4,253.7,84.5667,4.333333333333333,1
Silver,2017,Qtr 2,June,2017,Qtr 2,June,221,89857.02,270,82184.59,371.876,4.208888888888889,9
Silver,2017,Qtr 2,June,2017,Qtr 3,July,8,1767.55,14,1441.48,180.185,4,4
Silver,2017,Qtr 2,June,2017,Qtr 3,August,6,1502.1100000000001,11,1210.49,201.7483,3,3
Silver,2017,Qtr 2,June,2017,Qtr 3,September,9,1935.56,9,1797.04,199.6711,4.777777777777778,4
Silver,2017,Qtr 2,June,2017,Qtr 4,October,3,515.37,3,449.7,149.9,5,1
Silver,2017,Qtr 2,June,2017,Qtr 4,November,4,711.46,6,615.62,153.905,5,2
Silver,2017,Qtr 2,June,2017,Qtr 4,December,4,805.9,5,715.4,178.85,3.25,2
Silver,2017,Qtr 2,June,2018,Qtr 1,January,2,699.31,2,593.8,296.9,5,1
Silver,2017,Qtr 2,June,2018,Qtr 1,February,2,442.19,2,384.9,192.45,5,1
Silver,2017,Qtr 2,June,2018,Qtr 2,April,4,658.44,4,586.7,146.675,3.75,2
Silver,2017,Qtr 2,June,2018,Qtr 2,May,11,2421.6299999999997,15,2121.79,192.89,4.454545454545454,5
Silver,2017,Qtr 2,June,2018,Qtr 2,June,6,1371.91,7,1198.72,199.7867,4.666666666666667,3
Silver,2017,Qtr 2,June,2018,Qtr 3,July,2,464.13,2,438.9,219.45,3,1
Silver,2017,Qtr 2,June,2018,Qtr 3,August,7,1785.26,8,1635.93,233.7043,4.714285714285714,3
Silver,2017,Qtr 3,July,2017,Qtr 3,July,284,113033.22999999994,418,101040.71,355.7771,4.125,13
Silver,2017,Qtr 3,July,2017,Qtr 3,August,9,1856.44,10,1650.58,183.3978,3.727272727272727,4
Silver,2017,Qtr 3,July,2017,Qtr 3,September,9,1699.8600000000001,10,1392.59,154.7322,4.222222222222222,4
Silver,2017,Qtr 3,July,2017,Qtr 4,October,4,825.07,5,753.51,188.3775,4,2
Silver,2017,Qtr 3,July,2017,Qtr 4,November,2,307.7,2,267.2,133.6,5,1
Silver,2017,Qtr 3,July,2017,Qtr 4,December,4,797.09,4,649.69,162.4225,2.5,2
Silver,2017,Qtr 3,July,2018,Qtr 1,January,2,354.37,2,317.89,158.945,5,1
Silver,2017,Qtr 3,July,2018,Qtr 2,May,6,1281.04,9,1098.66,183.11,4.666666666666667,3
Silver,2017,Qtr 3,July,2018,Qtr 2,June,9,1364.33,9,1123.21,124.8011,4.222222222222222,3
Silver,2017,Qtr 3,July,2018,Qtr 3,July,3,519.24,3,465.85,155.2833,4.75,1
Silver,2017,Qtr 3,July,2018,Qtr 3,August,10,1620.73,12,1420.07,142.007,4.5,4
Silver,2017,Qtr 3,August,2017,Qtr 3,August,295,123246.22999999998,394,111756.93,378.8371,4.1952861952861955,9
Silver,2017,Qtr 3,August,2017,Qtr 3,September,18,3831.51,23,3253.85,180.7694,4.333333333333333,9
Silver,2017,Qtr 3,August,2017,Qtr 4,October,7,1174.3600000000001,10,1006.38,143.7686,3.857142857142857,3
Silver,2017,Qtr 3,August,2017,Qtr 4,November,2,434.27,4,368.63,184.315,4.5,1
Silver,2017,Qtr 3,August,2017,Qtr 4,December,10,1913.6699999999998,13,1574.9,157.49,4.6,5
Silver,2017,Qtr 3,August,2018,Qtr 1,January,16,2662.2700000000004,17,2353.92,147.12,4.375,7
Silver,2017,Qtr 3,August,2018,Qtr 1,February,4,1059.17,4,952.89,238.2225,3.5,2
Silver,2017,Qtr 3,August,2018,Qtr 1,March,16,2233.01,21,1806.14,112.8838,4.421052631578948,5
Silver,2017,Qtr 3,August,2018,Qtr 2,April,10,1344.08,11,1123.85,112.385,5,3
Silver,2017,Qtr 3,August,2018,Qtr 2,May,6,1129.51,9,940.37,156.7283,3.6666666666666665,2
Silver,2017,Qtr 3,August,2018,Qtr 2,June,8,1253.27,10,1064.11,133.0138,5,3
Silver,2017,Qtr 3,August,2018,Qtr 3,July,5,811.05,6,720.6,144.12,3.2,2
Silver,2017,Qtr 3,August,2018,Qtr 3,August,6,1223,9,1045.58,174.2633,4.428571428571429,3
Silver,2017,Qtr 3,September,2017,Qtr 3,September,355,139604.53999999986,480,126094.51,355.1958,4.227528089887641,17
Silver,2017,Qtr 3,September,2017,Qtr 4,October,13,2966.3,16,2535.89,195.0685,4.769230769230769,6
Silver,2017,Qtr 3,September,2017,Qtr 4,November,9,1626.9099999999999,12,1425.29,158.3656,4.555555555555555,4
Silver,2017,Qtr 3,September,2017,Qtr 4,December,3,416.39,3,369.8,123.2667,5,1
Silver,2017,Qtr 3,September,2018,Qtr 1,January,8,1764.5700000000002,9,1619.77,202.4713,4.625,4
Silver,2017,Qtr 3,September,2018,Qtr 1,February,2,370.32,2,328.9,164.45,4,1
Silver,2017,Qtr 3,September,2018,Qtr 1,March,5,664.8299999999999,7,553.86,110.772,3.4,2
Silver,2017,Qtr 3,September,2018,Qtr 2,April,4,483.33,4,422.35,105.5875,5,1
Silver,2017,Qtr 3,September,2018,Qtr 2,May,7,1253.1599999999999,7,1129.79,161.3986,3.857142857142857,3
Silver,2017,Qtr 3,September,2018,Qtr 2,June,2,474.61,2,439.9,219.95,3.5,1
Silver,2017,Qtr 3,September,2018,Qtr 3,July,7,1129.62,11,976.9,139.5571,4.857142857142857,2
Silver,2017,Qtr 4,October,2017,Qtr 4,October,393,161723.56000000006,559,146398.77,372.516,4.112531969309463,12
Silver,2017,Qtr 4,October,2017,Qtr 4,November,12,2258.12,18,1973.9,164.4917,4.666666666666667,5
Silver,2017,Qtr 4,October,2017,Qtr 4,December,10,2025.06,13,1622.07,162.207,4.363636363636363,5
Silver,2017,Qtr 4,October,2018,Qtr 1,January,2,349.49,2,317.77,158.885,4,1
Silver,2017,Qtr 4,October,2018,Qtr 1,February,4,725.9000000000001,14,575.19,143.7975,3.3333333333333335,2
Silver,2017,Qtr 4,October,2018,Qtr 1,March,2,667.44,3,577.98,288.99,5,1
Silver,2017,Qtr 4,October,2018,Qtr 2,April,2,530.77,3,469.99,234.995,4.5,1
Silver,2017,Qtr 4,October,2018,Qtr 2,May,4,788.76,4,618.39,154.5975,4.25,2
Silver,2017,Qtr 4,October,2018,Qtr 2,June,2,310.05,2,254.85,127.425,4,1
Silver,2017,Qtr 4,October,2018,Qtr 3,July,10,2266.3199999999997,13,2030.52,203.052,4.6,5
Silver,2017,Qtr 4,October,2018,Qtr 3,August,11,1928.38,14,1422.62,129.3291,4,4
Silver,2017,Qtr 4,November,2017,Qtr 4,November,628,255484.0200000001,840,230733.94,367.4107,3.8470031545741326,28
Silver,2017,Qtr 4,November,2017,Qtr 4,December,10,2038.96,11,1816.48,181.648,4.3,4
Silver,2017,Qtr 4,November,2018,Qtr 1,January,22,3890.7999999999997,24,3225.49,146.6132,3.869565217391304,9
Silver,2017,Qtr 4,November,2018,Qtr 1,February,9,1666.96,12,1317.87,146.43,3,4
Silver,2017,Qtr 4,November,2018,Qtr 1,March,8,1351.59,10,1138.62,142.3275,4.375,4
Silver,2017,Qtr 4,November,2018,Qtr 2,April,11,2153.8999999999996,13,1928.03,175.2755,4.818181818181818,5
Silver,2017,Qtr 4,November,2018,Qtr 2,May,3,602.73,5,532.87,177.6233,4.333333333333333,1
Silver,2017,Qtr 4,November,2018,Qtr 2,June,6,1288.62,6,1131.9,188.65,4.666666666666667,3
Silver,2017,Qtr 4,November,2018,Qtr 3,July,4,696.87,4,621.9,155.475,5,2
Silver,2017,Qtr 4,November,2018,Qtr 3,August,4,671.95,7,497.58,124.395,4.25,2
Silver,2017,Qtr 4,December,2017,Qtr 4,December,424,178803.60999999987,560,162158.57,382.4495,3.801909307875895,13
Silver,2017,Qtr 4,December,2018,Qtr 1,January,8,1729.1100000000001,8,1568.97,196.1213,4.285714285714286,4
Silver,2017,Qtr 4,December,2018,Qtr 1,February,11,2108.9300000000003,12,1823.6,165.7818,4.181818181818182,5
Silver,2017,Qtr 4,December,2018,Qtr 1,March,6,1153.6599999999999,6,1023.75,170.625,5,3
Silver,2017,Qtr 4,December,2018,Qtr 2,April,8,1358.97,12,1153.53,144.1913,3,4
Silver,2017,Qtr 4,December,2018,Qtr 2,May,4,752.01,4,608.79,152.1975,4.5,2
Silver,2017,Qtr 4,December,2018,Qtr 2,June,4,675.55,4,605.48,151.37,3,2
Silver,2017,Qtr 4,December,2018,Qtr 3,July,2,495.25,3,431.8,215.9,4,1
Silver,2017,Qtr 4,December,2018,Qtr 3,August,6,1054.5700000000002,7,950.44,158.4067,5,2
Silver,2018,Qtr 1,January,2018,Qtr 1,January,554,226493.16999999984,799,203754.77,367.7884,3.9097472924187726,20
Silver,2018,Qtr 1,January,2018,Qtr 1,February,16,3318.14,23,2909.73,181.8581,3.8666666666666667,8
Silver,2018,Qtr 1,January,2018,Qtr 1,March,18,3505.5800000000004,34,2817.28,156.5156,3.7777777777777777,9
Silver,2018,Qtr 1,January,2018,Qtr 2,April,12,2407.21,17,2121.57,176.7975,4.166666666666667,6
Silver,2018,Qtr 1,January,2018,Qtr 2,May,9,1745.7600000000002,9,1501.54,166.8378,4.444444444444445,4
Silver,2018,Qtr 1,January,2018,Qtr 2,June,9,1766.13,12,1485.61,165.0678,3.7777777777777777,4
Silver,2018,Qtr 1,January,2018,Qtr 3,July,6,1085.3899999999999,10,849.43,141.5717,4.166666666666667,3
Silver,2018,Qtr 1,January,2018,Qtr 3,August,21,3113.33,21,2578.05,122.7643,4.571428571428571,9
Silver,2018,Qtr 1,February,2018,Qtr 1,February,513,203254.62999999992,728,184431.75,359.5161,3.784499054820416,32
Silver,2018,Qtr 1,February,2018,Qtr 1,March,20,4093.52,25,3608.24,180.412,3.0454545454545454,9
Silver,2018,Qtr 1,February,2018,Qtr 2,April,17,3844.16,30,3354.27,197.31,3.9411764705882355,7
Silver,2018,Qtr 1,February,2018,Qtr 2,May,13,2674.54,22,2269.18,174.5523,3.923076923076923,6
Silver,2018,Qtr 1,February,2018,Qtr 2,June,10,2088.41,23,1715.18,171.518,4.3,5
Silver,2018,Qtr 1,February,2018,Qtr 3,July,12,2794.51,13,2417.66,201.4717,4.583333333333333,6
Silver,2018,Qtr 1,February,2018,Qtr 3,August,11,2424.84,13,2140.37,194.5791,4.090909090909091,5
Silver,2018,Qtr 1,March,2018,Qtr 1,March,607,252158.77999999962,808,226122.12,372.5241,3.618811881188119,24
Silver,2018,Qtr 1,March,2018,Qtr 2,April,12,2550.8999999999996,16,2158.37,179.8642,4,6
Silver,2018,Qtr 1,March,2018,Qtr 2,May,13,2787.8500000000004,15,2307.49,177.4992,4.384615384615385,6
Silver,2018,Qtr 1,March,2018,Qtr 2,June,18,2629.49,21,2267.2,125.9556,4.684210526315789,7
Silver,2018,Qtr 1,March,2018,Qtr 3,July,2,338.76,2,317.17,158.585,4,1
Silver,2018,Qtr 1,March,2018,Qtr 3,August,2,469.12,3,333.97,166.985,2.5,1
Silver,2018,Qtr 2,April,2018,Qtr 2,April,547,225645.06999999983,778,203102.8,371.3031,4.077064220183487,15
Silver,2018,Qtr 2,April,2018,Qtr 2,May,26,5829.39,36,5136.49,197.5573,4.769230769230769,12
Silver,2018,Qtr 2,April,2018,Qtr 2,June,6,1350.47,11,1001.4,166.9,4,3
Silver,2018,Qtr 2,April,2018,Qtr 3,July,11,2575.0699999999997,25,2125.7,193.2455,4.181818181818182,5
Silver,2018,Qtr 2,April,2018,Qtr 3,August,6,1174.27,9,902.23,150.3717,4.5,3
Silver,2018,Qtr 2,May,2018,Qtr 2,May,533,219897.55000000005,779,197959.09,371.4054,4.073170731707317,16
Silver,2018,Qtr 2,May,2018,Qtr 2,June,14,3428.95,19,2992.19,213.7279,4.714285714285714,7
Silver,2018,Qtr 2,May,2018,Qtr 3,July,11,2150.68,16,1756.28,159.6618,4.636363636363637,5
Silver,2018,Qtr 2,May,2018,Qtr 3,August,12,2507.58,13,2162.96,180.2467,4.583333333333333,6
Silver,2018,Qtr 2,June,2018,Qtr 2,June,499,209602.0700000003,704,184309.64,369.358,4.134268537074148,3
Silver,2018,Qtr 2,June,2018,Qtr 3,July,10,2037.72,15,1616.05,161.605,4.555555555555555,5
Silver,2018,Qtr 2,June,2018,Qtr 3,August,15,2672.6400000000003,21,2176.06,145.0707,4.466666666666667,7
Silver,2018,Qtr 3,July,2018,Qtr 3,July,505,211557.12000000005,671,187200.85,370.6948,4.1640625,17
Silver,2018,Qtr 3,July,2018,Qtr 3,August,14,3137.7499999999995,16,2675.2,191.0857,4,7
Silver,2018,Qtr 3,August,2018,Qtr 3,August,463,192265.15999999992,634,170706.86,368.6973,4.190064794816415,10
VIP,2017,Qtr 1,January,2017,Qtr 1,January,5,11055.16,6,10849.99,2169.998,4.8,
VIP,2017,Qtr 1,February,2017,Qtr 1,February,7,23656.39,7,23145.18,3306.4543,4.714285714285714,
VIP,2017,Qtr 1,March,2017,Qtr 1,March,14,32965.77,16,32248.86,2303.49,4.714285714285714,
VIP,2017,Qtr 1,March,2017,Qtr 3,August,2,3559.99,2,3459,1729.5,5,1
VIP,2017,Qtr 1,March,2018,Qtr 1,January,3,1906.68,4,1712.72,570.9067,5,1
VIP,2017,Qtr 2,April,2017,Qtr 2,April,16,40689.46,20,39573.02,2473.3138,3.875,1
VIP,2017,Qtr 2,May,2017,Qtr 2,May,19,42040.03,31,40349.87,2123.6774,4.157894736842105,1
VIP,2017,Qtr 2,May,2018,Qtr 1,January,3,2164.4,10,1980.28,660.0933,3.6666666666666665,1
VIP,2017,Qtr 2,June,2017,Qtr 2,June,19,41852.89,21,40452.62,2129.0853,2.6842105263157894,
VIP,2017,Qtr 2,June,2017,Qtr 4,October,3,2400.48,12,2200,733.3333,5,1
VIP,2017,Qtr 2,June,2018,Qtr 3,August,4,1760.75,4,1686.9,421.725,3,1
VIP,2017,Qtr 3,July,2017,Qtr 3,July,8,16188.469999999998,13,15776.49,1972.0613,3.5,
VIP,2017,Qtr 3,August,2017,Qtr 3,August,11,20124.33,38,18827.14,1711.5582,4.1,1
VIP,2017,Qtr 3,September,2017,Qtr 3,September,22,50009.76999999999,55,47638.71,2165.3959,4.136363636363637,
VIP,2017,Qtr 3,September,2017,Qtr 4,November,2,2068.68,2,2009.98,1004.99,4.5,1
VIP,2017,Qtr 4,October,2017,Qtr 4,October,26,51239.270000000004,49,48777.25,1876.0481,3.576923076923077,
VIP,2017,Qtr 4,October,2018,Qtr 2,June,5,1590.76,5,1535.4,307.08,4.2,1
VIP,2017,Qtr 4,November,2017,Qtr 4,November,26,55755.07000000001,58,53392.06,2053.5408,3.6538461538461537,1
VIP,2017,Qtr 4,December,2017,Qtr 4,December,18,33257.23,23,32040.07,1780.0039,3.388888888888889,2
VIP,2018,Qtr 1,January,2018,Qtr 1,January,19,37083.240000000005,21,35031.69,1843.7732,3,
VIP,2018,Qtr 1,January,2018,Qtr 2,June,4,1756.53,6,1650,412.5,5,1
VIP,2018,Qtr 1,February,2018,Qtr 1,February,18,33815.07,50,31652.72,1758.4844,3.7222222222222223,1
VIP,2018,Qtr 1,February,2018,Qtr 2,April,2,2783.01,15,1821.73,910.865,3,1
VIP,2018,Qtr 1,March,2018,Qtr 1,March,25,48293.39,60,44905.26,1796.2104,3,1
VIP,2018,Qtr 2,April,2018,Qtr 2,April,40,82012.03000000001,53,78365.36,1959.134,4.170731707317073,1
VIP,2018,Qtr 2,May,2018,Qtr 2,May,46,93781.91999999997,68,89899.03,1954.3267,4.288888888888889,4
VIP,2018,Qtr 2,May,2018,Qtr 2,June,2,1510.38,2,1429.8,714.9,3.5,1
VIP,2018,Qtr 2,June,2018,Qtr 2,June,33,70166.64999999998,53,67064.3,2032.2515,4.181818181818182,1
VIP,2018,Qtr 3,July,2018,Qtr 3,July,33,77425.84,54,72262.77,2189.7809,3.90625,1
VIP,2018,Qtr 3,July,2018,Qtr 3,August,2,1782.9,3,1684.29,842.145,4.5,1
VIP,2018,Qtr 3,August,2018,Qtr 3,August,33,68597.56999999999,61,65373.28,1981.0085,3.84375,1
